row_id,question_id,question,answerability,complexity,question_type,legal_domain,static_confidence,adaptive_confidence,adaptive_pred_question_type,adaptive_pred_complexity,adaptive_pred_route,adaptive_pred_unanswerable_risk,adaptive_depth_k
0,TEST_0210,Жер учаскесін заңсыз пайдаланған жағдайда төлемақы сомасы қанша уақыттан кейін ұлғайтылады?,answerable,complex,deadline,tax_law,0.043484350261843864,0.043484350261843864,deadline,moderate,deadline_lookup,0,10
1,TEST_0056,KAZAKH INVEST агенттігі инвестиция тарту үшін қандай тәсілдерді қолданады?,answerable,moderate,definition,migration_law,0.03252247488101534,0.03252247488101534,moderate_lookup,moderate,moderate_lookup,0,10
2,TEST_0235,Уранды барлауға арналған келісімшарт мерзімін ұзарту үшін қандай құжаттар қажет?,answerable,complex,deadline,civil_law,0.03252247488101534,0.03252247488101534,deadline,moderate,deadline_lookup,0,10
3,TEST_0227,Жер қойнауы учаскесін сенімгерлік басқару шарты қанша уақытқа жасалады?,answerable,complex,deadline,civil_law,0.032266458495966696,0.032266458495966696,deadline,moderate,deadline_lookup,0,10
4,TEST_0237,Жер қойнауын пайдалануға арналған келісімшарттарға қандай ережелер қолданылады?,answerable,complex,definition,civil_law,0.03076923076923077,0.03076923076923077,moderate_lookup,moderate,moderate_lookup,0,10
5,TEST_0057,Қазақстандағы жұмыстар мен қызметтердің қазақстандық өндірушілері деп кімдер танылады?,answerable,moderate,definition,migration_law,0.03225806451612903,0.03225806451612903,moderate_lookup,moderate,moderate_lookup,0,10
6,TEST_0142,Көмірсутектер бойынша барлау жұмыстарының жобасына мемлекеттік сараптама қанша уақыт ішінде жүргізіледі?,answerable,moderate,deadline,family_law,0.03252247488101534,0.03252247488101534,deadline,moderate,deadline_lookup,0,10
7,TEST_0137,Кен орнын сынамалап пайдалану кезінде шикі газды жағуға рұқсат етілетін мерзім қандай?,answerable,complex,deadline,family_law,0.03278688524590164,0.03278688524590164,deadline,moderate,deadline_lookup,0,10
8,TEST_0192,Кірістерді түзету қандай жағдайларда жүргізіледі?,answerable,complex,definition,tax_law,0.029211087420042643,0.029211087420042643,complex_legal,complex,complex_lookup,0,15
9,TEST_0130,Көмірсутектер бойынша жер қойнауын пайдалану саласындағы жобалау құжаттарына өзгерістер енгізу туралы заң қашан күшіне енеді?,answerable,complex,deadline,family_law,0.03225806451612903,0.03225806451612903,moderate_lookup,moderate,moderate_lookup,0,10
10,TEST_0163,Жер қойнауын пайдалануға баламалы салықты есептеу кезінде шегерімдер қанша жылға ауыстырылады?,answerable,complex,deadline,civil_law,0.03278688524590164,0.03278688524590164,deadline,moderate,deadline_lookup,0,10
11,TEST_0176,Орталық комиссияның негізгі міндеті қандай?,answerable,moderate,definition,civil_law,0.04529532967032967,0.04529532967032967,moderate_lookup,moderate,moderate_lookup,0,10
12,TEST_0185,Жер қойнауын пайдаланушының пайдалы қатты қазбаларды өндіру кезіндегі есептілігі қандай мерзімде ұсынылады?,answerable,complex,definition,civil_law,0.031099324975891997,0.031099324975891997,deadline,moderate,deadline_lookup,0,10
13,TEST_0186,Тау-кен жұмыстарының жоспары дегеніміз не?,answerable,complex,definition,civil_law,0.03278688524590164,0.03278688524590164,definition,simple,definition_lookup,0,5
14,TEST_0082,Қосылған құн салығының асып кетуін қайтару мерзімі қандай?,answerable,complex,definition,tax_law,0.031746031746031744,0.031746031746031744,deadline,moderate,deadline_lookup,0,10
15,TEST_0224,Жер қойнауын пайдаланушы жер қойнауы учаскесін азайту туралы өтінішке қандай құжаттарды қоса беруі керек?,answerable,complex,deadline,civil_law,0.032266458495966696,0.032266458495966696,moderate_lookup,moderate,moderate_lookup,0,10
16,TEST_0217,Жерді заңсыз пайдаланған жағдайда салық мөлшерлемесі қанша есеге ұлғайтылады?,answerable,complex,deadline,civil_law,0.10765609937608867,0.10765609937608867,moderate_lookup,moderate,moderate_lookup,0,10
17,TEST_0084,Жер қойнауын пайдаланушы бөлек салықтық есепке алуды қалай жүргізуге міндетті?,answerable,complex,deadline,tax_law,0.03278688524590164,0.03278688524590164,moderate_lookup,moderate,moderate_lookup,0,10
18,TEST_0199,Патент негізіндегі арнаулы салық режимін қолдану үшін қандай шарттар орындалуы керек?,answerable,complex,definition,tax_law,0.03225806451612903,0.03225806451612903,complex_legal,complex,complex_lookup,0,15
19,TEST_0240,Мерзімінде орындалмаған салықтық міндеттеме бойынша пайдалы қазбалардың физикалық көлемі қалай айқындалады?,answerable,simple,deadline,civil_law,0.04392998306041784,0.04392998306041784,deadline,moderate,deadline_lookup,0,10
20,TEST_0202,Еуразиялық экономикалық одақта тауарларды экспорттау мен импорттау кезінде қосылған құн салығы қалай реттеледі?,answerable,complex,definition,civil_law,0.03278688524590164,0.03278688524590164,moderate_lookup,moderate,moderate_lookup,0,10
21,TEST_0101,Жайылымдар жемдерінің қоры қанша күнге жетеді?,answerable,simple,deadline,administrative_law,0.03252247488101534,0.03252247488101534,deadline,moderate,deadline_lookup,0,10
22,TEST_0118,Қайта өңдеу туралы келісім жобасына сараптамалар қанша күн ішінде жүргізіледі?,answerable,moderate,deadline,civil_law,0.03278688524590164,0.03278688524590164,deadline,moderate,deadline_lookup,0,10
23,TEST_0158,Кен іздеушілікке арналған лицензия қанша уақытқа беріледі және оны ұзарту мүмкін бе?,answerable,complex,deadline,civil_law,0.032018442622950824,0.032018442622950824,deadline,moderate,deadline_lookup,0,10
24,TEST_0100,KAZAKH INVEST қандай жаңа қызметті іске қосуды жоспарлап отыр?,answerable,simple,definition,administrative_law,0.03252247488101534,0.03252247488101534,moderate_lookup,moderate,moderate_lookup,0,10
25,TEST_0011,"Шетелдік басшылар, менеджерлер мен мамандардың саны қандай шектеулерге бағынады?",answerable,moderate,deadline,labor_law,0.031754032258064516,0.031754032258064516,moderate_lookup,moderate,moderate_lookup,0,10
26,TEST_0010,Теміржол көлігінің қызметкерлерін кәсіби дайындау мен оқыту жүйесін жетілдіруде қандай аспектілер ескерілуі керек?,answerable,moderate,deadline,labor_law,0.03252247488101534,0.03252247488101534,moderate_lookup,moderate,moderate_lookup,0,10
27,TEST_0114,Құрылыс салу қағидалары мен жас екпелерді қорғау қағидаларын кім бекітеді?,answerable,moderate,deadline,civil_law,0.1509608976617365,0.1509608976617365,moderate_lookup,moderate,moderate_lookup,0,10
28,TEST_0128,Пайдалы қазбаларды өндіру салығы бойынша салықтық міндеттемелер қалай қайта есептеледі?,answerable,simple,definition,tax_law,0.03278688524590164,0.03278688524590164,moderate_lookup,moderate,moderate_lookup,0,10
29,TEST_0113,2022 жылғы заңға сәйкес 529-бап қашан қолданысқа енгізіледі?,answerable,moderate,deadline,civil_law,0.0460397465437788,0.0460397465437788,moderate_lookup,moderate,moderate_lookup,0,10
30,TEST_0126,Жер учаскелері бойынша төлемақы мөлшерлемелері қандай заңнамаға сәйкес айқындалады?,answerable,simple,deadline,tax_law,0.032018442622950824,0.032018442622950824,moderate_lookup,moderate,moderate_lookup,0,10
31,TEST_0125,Кең таралған пайдалы қазбаларды барлауға арналған сарапшылық комиссиялардың негізгі міндеті қандай?,answerable,simple,definition,tax_law,0.03278688524590164,0.03278688524590164,moderate_lookup,moderate,moderate_lookup,0,10
32,TEST_0121,Арнайы экономикалық аймаққа қатысушы ретінде қызметті жүзеге асыру туралы шартты қашан жасасқан ұйымдар мен кәсіпкерлерге салық жеңілдіктері қолданылады?,answerable,simple,deadline,tax_law,0.03252247488101534,0.03252247488101534,moderate_lookup,moderate,moderate_lookup,0,10
33,TEST_0127,Дебиторлық және кредиторлық берешектердің өндіріп алынуын және өтелуін бақылау мерзімі қандай?,answerable,simple,deadline,tax_law,0.03057889822595705,0.03057889822595705,deadline,moderate,deadline_lookup,0,10
34,TEST_0008,Электр берілісі әуе желілерінің сымдарының төменгі нүктесінен жер бетіне дейінгі қашықтық қанша болуы керек?,answerable,moderate,deadline,labor_law,0.032018442622950824,0.032018442622950824,deadline,moderate,deadline_lookup,0,10
35,TEST_0007,Жолаушының тегі жол жүру құжатында көрсетілген тегімен сәйкес келмеген жағдайда не болады?,answerable,moderate,deadline,labor_law,0.046543778801843315,0.046543778801843315,moderate_lookup,moderate,moderate_lookup,0,10
36,TEST_0006,IRM жүйесінің негізгі мақсаты қандай?,answerable,moderate,definition,labor_law,0.04392998306041784,0.04392998306041784,moderate_lookup,moderate,moderate_lookup,0,10
37,TEST_0002,Инвестордың сұрауы мемлекеттік органдарда қанша уақыт ішінде өңделеді?,answerable,simple,deadline,migration_law,0.04616113053613054,0.04616113053613054,deadline,moderate,deadline_lookup,0,10
38,TEST_0015,Қазақстан Республикасындағы отбасылық және гендерлік саясат тұжырымдамасы қай жылға дейінгі мерзімді қамтиды?,answerable,simple,deadline,family_law,0.04765107388058208,0.04765107388058208,deadline,moderate,deadline_lookup,0,10
39,TEST_0014,Инвестиция тартудың негізгі кезеңі не болып табылады?,answerable,simple,definition,family_law,0.04692742126540875,0.03278688524590164,definition,simple,definition_lookup,0,5
40,TEST_0013,Жер қойнауын пайдаланушының өтініші бойынша рұқсат беру туралы шешім қанша уақыт ішінде қабылданады?,answerable,simple,deadline,family_law,0.0315136476426799,0.0315136476426799,deadline,moderate,deadline_lookup,0,10
41,TEST_0012,Темір жолдарда сақтандырғыш тұйықтардың пайдалы ұзындығы қандай болуы керек?,answerable,moderate,deadline,labor_law,0.03278688524590164,0.03278688524590164,moderate_lookup,moderate,moderate_lookup,0,10
42,TEST_0032,622-бапқа енгізілген өзгерістер қашан қолданысқа енгізіледі?,answerable,moderate,deadline,other,0.03278688524590164,0.03278688524590164,moderate_lookup,moderate,moderate_lookup,0,10
43,TEST_0009,Теміржол жылжымалы құрамына техникалық қызмет көрсету қаншалықты жиі жүргізілуі керек?,answerable,moderate,deadline,labor_law,0.03177805800756621,0.03177805800756621,moderate_lookup,moderate,moderate_lookup,0,10
44,TEST_0023,Жүк вагондарының өту алаңында қандай құрылғылар болуы керек?,answerable,simple,deadline,other,0.032266458495966696,0.032266458495966696,moderate_lookup,moderate,moderate_lookup,0,10
45,TEST_0022,KAZAKH INVEST қандай компанияларға назар аударады?,answerable,simple,deadline,other,0.032018442622950824,0.032018442622950824,moderate_lookup,moderate,moderate_lookup,0,10
46,TEST_0021,Жүк вагондарының автотіркегіш осінің рельс бастиектерінің үстіндегі биіктігі қандай болуы керек?,answerable,simple,deadline,family_law,0.032018442622950824,0.032018442622950824,moderate_lookup,moderate,moderate_lookup,0,10
47,TEST_0020,Компаниядағы шешім қабылдау деңгейіндегі әйелдердің үлесі 2027 жылға қарай қандай пайызға жетеді?,answerable,simple,deadline,family_law,0.06226724664224664,0.06226724664224664,unanswerable_risk,complex,unanswerable_risk,1,15
48,TEST_0018,Қазақстанның инвестициялық ахуалы туралы есеп қаншалықты жиі жасалады?,answerable,simple,deadline,family_law,0.03278688524590164,0.03278688524590164,moderate_lookup,moderate,moderate_lookup,0,10
49,TEST_0017,Заң ресми жарияланғаннан кейін қанша күннен соң қолданысқа енгізіледі?,answerable,simple,deadline,family_law,0.06078051603998308,0.06078051603998308,deadline,moderate,deadline_lookup,0,10
50,TEST_0028,29-тармақша қай жылға дейін қолданылады?,answerable,simple,deadline,other,0.03200204813108039,0.03200204813108039,deadline,moderate,deadline_lookup,0,10
51,TEST_0031,Қандай жағдайларда жылжымалы құрамды пайдалануға және поездармен жүруіне жол берілмейді?,answerable,moderate,deadline,other,0.032266458495966696,0.032266458495966696,complex_legal,complex,complex_lookup,0,15
52,TEST_0030,40-бапқа енгізілген өзгеріс қашан қолданысқа енгізіледі?,answerable,moderate,deadline,other,0.03252247488101534,0.03252247488101534,moderate_lookup,moderate,moderate_lookup,0,10
53,TEST_0029,Жер қойнауы кеңістігін пайдалану салдарын жою жоспары қандай құжатты қамтиды?,answerable,moderate,definition,other,0.03278688524590164,0.03278688524590164,moderate_lookup,moderate,moderate_lookup,0,10
54,TEST_0026,Вагондардың тұру жолдарына апаратын бағыттамаларды қалай орнату керек?,answerable,simple,deadline,other,0.03278688524590164,0.03278688524590164,moderate_lookup,moderate,moderate_lookup,0,10
55,TEST_0027,Тұрақты токтағы электрлендірілген желілерде түйіспелік сым аспасының биіктігі қандай болуы керек?,answerable,simple,deadline,other,0.03252247488101534,0.03252247488101534,moderate_lookup,moderate,moderate_lookup,0,10
56,TEST_0025,Станцияларда бас жолдар арасындағы қашықтық қандай болуы керек?,answerable,simple,deadline,other,0.03252247488101534,0.03252247488101534,moderate_lookup,moderate,moderate_lookup,0,10
57,TEST_0129,Жолаушылар поезы сағатына 161 километр және одан артық жылдамдықпен жүргенде қандай талап қойылады?,answerable,complex,deadline,family_law,0.03131881575727918,0.03131881575727918,moderate_lookup,moderate,moderate_lookup,0,10
58,TEST_0143,Теңізде мұнай операцияларын жүзеге асыратын жер қойнауын пайдаланушының өтінішін құзыретті орган қанша уақыт ішінде қарауы тиіс?,answerable,moderate,deadline,family_law,0.03278688524590164,0.03278688524590164,deadline,moderate,deadline_lookup,0,10
59,TEST_0141,Өтініш берілген күннен бастап құзыретті органның интернет-ресурсында мәліметтер қанша күн ішінде орналастырылуы тиіс?,answerable,moderate,deadline,family_law,0.032018442622950824,0.032018442622950824,deadline,moderate,deadline_lookup,0,10
60,TEST_0140,ҚР 2019 Заңы қашан қолданысқа енгізіледі?,answerable,moderate,deadline,family_law,0.10603892342092523,0.10603892342092523,moderate_lookup,moderate,moderate_lookup,0,10
61,TEST_0139,Қазақстан Республикасының 2025 жылға дейінгі ұлттық даму жоспары қашан аяқталады?,answerable,moderate,deadline,family_law,0.10802526776581002,0.10802526776581002,deadline,moderate,deadline_lookup,0,10
62,TEST_0152,Инвестициялық басым жобаны іске асыратын ұйым қандай талаптарға сәйкес болуы керек?,answerable,complex,definition,civil_law,0.046494801754268796,0.046494801754268796,moderate_lookup,moderate,moderate_lookup,0,10
63,TEST_0151,Осы Кодекс қашаннан бастап толық қолданысқа енгізіледі?,answerable,complex,deadline,civil_law,0.03125763125763126,0.03125763125763126,deadline,moderate,deadline_lookup,0,10
64,TEST_0149,Келісімшарттық аумақты өзгертуге рұқсат беруден бас тартуға қалай дау айтуға болады?,answerable,complex,deadline,civil_law,0.03278688524590164,0.03278688524590164,moderate_lookup,moderate,moderate_lookup,0,10
65,TEST_0148,Жер қойнауын пайдалану құқығын қайта ресімдеу кезінде салықтық есепке алу қалай жүргізіледі?,answerable,complex,deadline,civil_law,0.03278688524590164,0.03278688524590164,moderate_lookup,moderate,moderate_lookup,0,10
66,TEST_0146,ҚР Заңымен алып тасталған тармақшалар қашан қолданысқа енгізіледі?,answerable,moderate,deadline,family_law,0.058409723396172224,0.058409723396172224,moderate_lookup,moderate,moderate_lookup,0,10
67,TEST_0145,Пайдалы қазбалар кен орындарының мемлекеттік кадастрын жүргізу тәртібін кім бекітеді?,answerable,moderate,deadline,family_law,0.03252247488101534,0.03252247488101534,complex_legal,complex,complex_lookup,0,15
68,TEST_0160,Кең таралған пайдалы қазбаларды өндіруге арналған лицензия бойынша жыл сайынғы ең төмен шығыстар қалай белгіленеді?,answerable,simple,deadline,civil_law,0.03278688524590164,0.03278688524590164,complex_legal,complex,complex_lookup,0,15
69,TEST_0157,2023 жылдан бастап бірыңғай төлемнің мөлшерлемесі қандай пайызды құрайды?,answerable,complex,definition,social_law,0.03278688524590164,0.03278688524590164,deadline,moderate,deadline_lookup,0,10
70,TEST_0156,Тарихи шығындарды өтеу бойынша төлемді төлеу мерзімі қандай жағдайларда 10 сәуірден кешіктірілмей төленеді?,answerable,complex,deadline,civil_law,0.03252247488101534,0.03252247488101534,deadline,moderate,deadline_lookup,0,10
71,TEST_0155,Жер қойнауын пайдалануға арналған келісімшарт бойынша шикі газ үшін баға қалай анықталады?,answerable,complex,deadline,civil_law,0.03278688524590164,0.03278688524590164,moderate_lookup,moderate,moderate_lookup,0,10
72,TEST_0154,Уранды тәжірибелік-өнеркәсіптік өндіру жобасы қандай мерзімге әзірленеді?,answerable,complex,deadline,civil_law,0.03252247488101534,0.03252247488101534,deadline,moderate,deadline_lookup,0,10
73,TEST_0153,Орталықтандырылған бағыттамаларды ажырату қандай мерзімдерде жүргізіледі?,answerable,complex,deadline,civil_law,0.03200204813108039,0.03200204813108039,deadline,moderate,deadline_lookup,0,10
74,TEST_0104,Әлеуметтік салық төлеушілер қатарына кімдер жатады?,answerable,moderate,definition,tax_law,0.03252247488101534,0.03252247488101534,moderate_lookup,moderate,moderate_lookup,0,10
75,TEST_0103,Бюджеттік кредиттерді өтеу сомасы қанша?,answerable,moderate,deadline,tax_law,0.0467592121191551,0.0467592121191551,moderate_lookup,moderate,moderate_lookup,0,10
76,TEST_0102,Тіркеу әрекеттеріне қандай іс-әрекеттер жатады?,answerable,moderate,definition,tax_law,0.04692957315908136,0.04692957315908136,moderate_lookup,moderate,moderate_lookup,0,10
77,TEST_0099,Жайылымдық алқаптардың жем қоры қанша күнге жетеді?,answerable,simple,deadline,administrative_law,0.030330882352941176,0.030330882352941176,deadline,moderate,deadline_lookup,0,10
78,TEST_0098,Тікелей шетелдік инвестициялардың жалпы ағынының қалыптастыру мерзімі қандай?,answerable,simple,deadline,administrative_law,0.061936788166296365,0.061936788166296365,deadline,moderate,deadline_lookup,0,10
79,TEST_0112,Уран өндіруге арналған келісімшарттың қолданысын тоқтату туралы құзыретті орган жер қойнауын пайдаланушыға қанша уақыт бұрын ескертуі керек?,answerable,moderate,deadline,civil_law,0.03278688524590164,0.03278688524590164,deadline,moderate,deadline_lookup,0,10
80,TEST_0111,Теміржол вокзалдарында мүгедектерге қандай қызметтер қамтамасыз етілуі тиіс?,answerable,moderate,definition,civil_law,0.031544957774465976,0.031544957774465976,moderate_lookup,moderate,moderate_lookup,0,10
81,TEST_0110,Жер қойнауы учаскесін түрлендіруге арналған өтініште қандай мәліметтер қамтылуға тиіс?,answerable,moderate,definition,tax_law,0.03252247488101534,0.03252247488101534,moderate_lookup,moderate,moderate_lookup,0,10
82,TEST_0109,Пайдалы қазбаларды өндіру салығын есептеу кезінде қандай көлемдер салықтық кезеңдегі жалпы көлемнен алып тасталады?,answerable,moderate,deadline,tax_law,0.030679156908665108,0.030679156908665108,moderate_lookup,moderate,moderate_lookup,0,10
83,TEST_0108,Қазақстанға Еуразиялық экономикалық одақтан импортталатын тауарлар үшін қосылған құн салығын төлеу қандай әдіспен жүзеге асырылады?,answerable,moderate,deadline,tax_law,0.03252247488101534,0.03252247488101534,moderate_lookup,moderate,moderate_lookup,0,10
84,TEST_0107,Жеке тұлғалардың мүлік салығына қатысты қандай өзгеріс енгізілді?,answerable,moderate,fact_lookup,tax_law,0.030798389007344232,0.030798389007344232,moderate_lookup,moderate,moderate_lookup,0,10
85,TEST_0106,Салық төлеуші лизинг шартында көзделген төлем мерзімінен кейін салық органына қандай мерзімде өтініш беруі керек?,answerable,moderate,deadline,tax_law,0.03252247488101534,0.03252247488101534,deadline,moderate,deadline_lookup,0,10
86,TEST_0105,Автокөлік құралының Қазақстан аумағымен жүріп өткені үшін алымды төлеу мерзімі қандай?,answerable,moderate,deadline,tax_law,0.03252247488101534,0.03252247488101534,deadline,moderate,deadline_lookup,0,10
87,TEST_0119,Жер қойнауын пайдалануға арналған келісімшарттар қандай міндеттемелерді қамтуы тиіс?,answerable,moderate,deadline,civil_law,0.03036576949620428,0.03036576949620428,moderate_lookup,moderate,moderate_lookup,0,10
88,TEST_0116,Сырғанау бетінде тереңдігі 1 миллиметрден артық сырғақ байқалған жағдайда қандай қағидаларға басшылық жасау қажет?,answerable,moderate,deadline,civil_law,0.03125,0.03125,moderate_lookup,moderate,moderate_lookup,0,10
89,TEST_0115,Алыс-беріс шикізатын қайта өңдеу мерзімі қалай анықталады?,answerable,moderate,deadline,civil_law,0.032266458495966696,0.032266458495966696,deadline,moderate,deadline_lookup,0,10
90,TEST_0184,Бірыңғай жер салығын есептеу үшін қандай мөлшерлеме қолданылады?,answerable,complex,deadline,tax_law,0.03252247488101534,0.03252247488101534,moderate_lookup,moderate,moderate_lookup,0,10
91,TEST_0131,Пайдалы қатты қазбаларды барлауға арналған лицензия мерзімін ұзарту өтініші қашан берілуі керек?,answerable,complex,deadline,family_law,0.03278688524590164,0.03278688524590164,deadline,moderate,deadline_lookup,0,10
92,TEST_0132,Қазақстан Республикасының азаматтығын алу кезінде кімдер мемлекеттік баж төлеуден босатылады?,answerable,complex,deadline,family_law,0.03252247488101534,0.03252247488101534,moderate_lookup,moderate,moderate_lookup,0,10
93,TEST_0133,Қандай жағдайларда жеке тұлғалар нотариаттық әрекеттер жасаған кезде мемлекеттік баж төлеуден босатылады?,answerable,complex,deadline,family_law,0.03278688524590164,0.03278688524590164,complex_legal,complex,complex_lookup,0,15
94,TEST_0135,Жер қойнауы кеңістігін пайдалануға арналған лицензияны қандай жағдайларда беруге тыйым салынады?,answerable,complex,deadline,family_law,0.03252247488101534,0.03252247488101534,complex_legal,complex,complex_lookup,0,15
95,TEST_0136,Жер қойнауын пайдалану құқығын беруге арналған конкурстарды өткізу жөніндегі комиссияның негізгі міндеттері қандай?,answerable,complex,definition,family_law,0.03252247488101534,0.03252247488101534,moderate_lookup,moderate,moderate_lookup,0,10
96,TEST_0188,645-бапқа енгізілген соңғы өзгерістер қашан қолданысқа енгізіледі?,answerable,moderate,deadline,other,0.03278688524590164,0.03278688524590164,moderate_lookup,moderate,moderate_lookup,0,10
97,TEST_0189,"Дипломатиялық өкілдікке немесе консулдық мекемеге консулдық алымдардан түсетін түсімдер 1 000 АҚШ долларынан аз болса, оларды аудару мерзімі қандай?",answerable,complex,deadline,tax_law,0.03278688524590164,0.03278688524590164,deadline,moderate,deadline_lookup,0,10
98,TEST_0190,Пайдалы қазбаларды өндіру салығы қалай төленеді?,answerable,complex,definition,civil_law,0.032018442622950824,0.032018442622950824,moderate_lookup,moderate,moderate_lookup,0,10
99,TEST_0191,Ауыл шаруашылығы өнімін өндірушілер корпоративтік табыс салығын қанша пайызға азайта алады?,answerable,moderate,deadline,tax_law,0.03278688524590164,0.03278688524590164,moderate_lookup,moderate,moderate_lookup,0,10
100,TEST_0177,Әлеуметтік салықты есептеу кезінде бюджетке төленетін салық сомасы қалай анықталады?,answerable,complex,deadline,tax_law,0.03252247488101534,0.03252247488101534,moderate_lookup,moderate,moderate_lookup,0,10
101,TEST_0178,Шекарамаңы жер қойнауы учаскесінде көмірсутектер бойынша жер қойнауын пайдалану жөніндегі операцияларды тоқтата тұру туралы шешім қабылданғаннан кейін құзыретті орган жер қойнауын пайдаланушыға қанша уақыт ішінде хабарлауы керек?,answerable,complex,deadline,civil_law,0.03252247488101534,0.03252247488101534,deadline,moderate,deadline_lookup,0,10
102,TEST_0180,Күкіртті ашық түрде күкірт карталарында орналастыру үшін төлемақы мөлшерлемесі қандай?,answerable,complex,deadline,tax_law,0.032266458495966696,0.032266458495966696,moderate_lookup,moderate,moderate_lookup,0,10
103,TEST_0181,Жерасты құрылыстарын салуға қатысты 44-бапқа енгізілген өзгерістер қашан қолданысқа енеді?,answerable,complex,deadline,civil_law,0.03278688524590164,0.03278688524590164,moderate_lookup,moderate,moderate_lookup,0,10
104,TEST_0182,Жолаушыны тасымалдау шартын қалай рәсімдейді?,answerable,complex,deadline,civil_law,0.030776515151515152,0.030776515151515152,moderate_lookup,moderate,moderate_lookup,0,10
105,TEST_0183,Жолаушылар поезы сағатына 161 километр және одан артық жылдамдықпен жүргенде қандай талап қойылады?,answerable,moderate,deadline,civil_law,0.03131881575727918,0.03131881575727918,moderate_lookup,moderate,moderate_lookup,0,10
106,TEST_0162,Көлік құралы ұрланған жағдайда салық төлеуден босату үшін қандай құжат негіз болады?,answerable,complex,definition,tax_law,0.03125763125763126,0.03125763125763126,moderate_lookup,moderate,moderate_lookup,0,10
107,TEST_0169,Пайдалы қатты қазбаларды қайта өңдеу туралы келісімді жасау үшін қандай құжаттар қажет?,answerable,moderate,definition,civil_law,0.03252247488101534,0.03252247488101534,moderate_lookup,moderate,moderate_lookup,0,10
108,TEST_0170,123-бапқа енгізілген өзгерістер қашан қолданысқа енгізіледі?,answerable,moderate,deadline,other,0.032018442622950824,0.032018442622950824,moderate_lookup,moderate,moderate_lookup,0,10
109,TEST_0171,Жеке тұлғаларға электрондық сауда арқылы тауарлар мен қызметтерді сатқан кезде қосылған құн салығы қалай есептеледі?,answerable,moderate,definition,tax_law,0.03252247488101534,0.03252247488101534,moderate_lookup,moderate,moderate_lookup,0,10
110,TEST_0172,Жер қойнауын пайдалану келісімшарттары бойынша төлемдер кезеңділігі қалай анықталады?,answerable,complex,deadline,civil_law,0.01639344262295082,0.01639344262295082,moderate_lookup,moderate,moderate_lookup,0,10
111,TEST_0173,Экспортқа рента салығы бойынша салықтық кезең қандай?,answerable,complex,definition,tax_law,0.03278688524590164,0.03278688524590164,moderate_lookup,moderate,moderate_lookup,0,10
112,TEST_0174,Жер қойнауын пайдалануға мемлекеттік сараптама жүргізу мерзімі қанша уақытты құрайды?,answerable,simple,definition,tax_law,0.03252247488101534,0.03252247488101534,deadline,moderate,deadline_lookup,0,10
113,TEST_0161,Көмірсутектерді өндіруге арналған келісімшартта конкурс жеңімпазы қандай шығыстар мөлшерін қабылдауы керек?,answerable,simple,fact_lookup,civil_law,0.03278688524590164,0.03278688524590164,moderate_lookup,moderate,moderate_lookup,0,10
114,TEST_0167,Мұнай операцияларын жүргізу кезінде қандай шараларды қабылдау қажет?,answerable,moderate,deadline,civil_law,0.032266458495966696,0.032266458495966696,moderate_lookup,moderate,moderate_lookup,0,10
115,TEST_0164,Өтініш туралы мәліметтер құзыретті органның интернет-ресурсында қанша уақыт ішінде орналастырылады?,answerable,moderate,deadline,family_law,0.046679405392392875,0.046679405392392875,deadline,moderate,deadline_lookup,0,10
116,TEST_0165,Құқықтық сараптама қанша уақыт ішінде жүргізіледі?,answerable,simple,deadline,civil_law,0.030834914611005692,0.030834914611005692,deadline,moderate,deadline_lookup,0,10
117,TEST_0166,Ерекше құнды жер қойнауы учаскелерін өзге қажеттер үшін алып қоюға рұқсат етіле ме?,answerable,complex,deadline,civil_law,0.03200204813108039,0.03200204813108039,moderate_lookup,moderate,moderate_lookup,0,10
118,TEST_0094,Жүрдек жолаушылар поезының өтуіне қанша уақыт қалғанда малды айдап өтуге тыйым салынады?,answerable,simple,deadline,labor_law,0.03252247488101534,0.03252247488101534,deadline,moderate,deadline_lookup,0,10
119,TEST_0093,Жұмыстар аяқталғаннан кейін құрылғыларды іске қосу қалай жүзеге асырылады?,answerable,simple,deadline,labor_law,0.031024531024531024,0.031024531024531024,deadline,moderate,deadline_lookup,0,10
120,TEST_0095,Теміржол жылжымалы құрамының техникалық қызмет көрсетуі қалай қамтамасыз етіледі?,answerable,simple,deadline,labor_law,0.032266458495966696,0.032266458495966696,moderate_lookup,moderate,moderate_lookup,0,10
121,TEST_0193,ТҰК және ірі компаниялармен құрылған бірлескен кәсіпорындар санының есебі қай уақытқа дейін жүргізілуі керек?,answerable,moderate,deadline,civil_law,0.03278688524590164,0.03278688524590164,deadline,moderate,deadline_lookup,0,10
122,TEST_0208,Бейрезиденттің Қазақстандағы дивидендтеріне салықтық жеңілдіктер қалай қолданылады?,answerable,moderate,fact_lookup,civil_law,0.01639344262295082,0.01639344262295082,moderate_lookup,moderate,moderate_lookup,0,10
123,TEST_0206,2015 жылғы 1 қаңтарға дейін жасалған келісімшарттарға қандай өзгерістер енгізіледі?,answerable,moderate,deadline,civil_law,0.01639344262295082,0.01639344262295082,deadline,moderate,deadline_lookup,0,10
124,TEST_0205,Үстеме пайда салығын төлеу мерзімі қандай?,answerable,complex,definition,tax_law,0.031544957774465976,0.031544957774465976,deadline,moderate,deadline_lookup,0,10
125,TEST_0204,Әлеуметтік салықтың мөлшерлемесі 2025 жылдан бастап қандай болады?,answerable,complex,deadline,tax_law,0.03177805800756621,0.03177805800756621,unanswerable_risk,complex,unanswerable_risk,1,15
126,TEST_0203,Жою жоспарына өзгерістер енгізу үшін қандай мерзім белгіленген?,answerable,simple,deadline,civil_law,0.031754032258064516,0.031754032258064516,deadline,moderate,deadline_lookup,0,10
127,TEST_0201,Жер қойнауын пайдаланушылар есептерді қандай жүйе арқылы ұсынады?,answerable,moderate,deadline,tax_law,0.03149801587301587,0.03149801587301587,moderate_lookup,moderate,moderate_lookup,0,10
128,TEST_0216,Қазақстан Республикасының аумағынан тұрақты негізде халықаралық қатынаста жолаушылар мен жүктерді тасымалдауды жүзеге асыратын отандық автокөлік құралдары үшін алым мөлшері қандай?,answerable,moderate,deadline,tax_law,0.03278688524590164,0.03278688524590164,moderate_lookup,moderate,moderate_lookup,0,10
129,TEST_0214,Салық декларациясы қашан ұсынылуы керек?,answerable,complex,definition,tax_law,0.01639344262295082,0.01639344262295082,moderate_lookup,moderate,moderate_lookup,0,10
130,TEST_0213,Шекара маңындағы кен орнында барлау мен өндіруді тоқтату туралы кім талап ете алады?,answerable,complex,deadline,civil_law,0.03252247488101534,0.03252247488101534,moderate_lookup,moderate,moderate_lookup,0,10
131,TEST_0212,Салық салу объектісі бірнеше тұлғаның ортақ үлестік меншiгiнде болған жағдайда салық төлеушi қалай анықталады?,answerable,complex,definition,civil_law,0.03278688524590164,0.03278688524590164,complex_legal,complex,complex_lookup,0,15
132,TEST_0211,Қазақстан Республикасында тұрақты болмайтын шетелдіктердің кірістеріне салық салу қалай жүзеге асырылады?,answerable,complex,deadline,civil_law,0.03252247488101534,0.03252247488101534,complex_legal,complex,complex_lookup,0,15
133,TEST_0209,Инновациялық технологиялар паркіне қатысушылардың жобаларын қаржыландыру міндеттемелерін орындау не деп танылады?,answerable,simple,definition,civil_law,0.03278688524590164,0.03278688524590164,moderate_lookup,moderate,moderate_lookup,0,10
134,TEST_0223,Жер қойнауын пайдаланушы уран өндіруге арналған келісімшарт бойынша қандай есептерді ұсынуға міндетті?,answerable,complex,deadline,civil_law,0.032018442622950824,0.032018442622950824,moderate_lookup,moderate,moderate_lookup,0,10
135,TEST_0222,Жер қойнауын пайдаланушы салық декларациясын қашан тапсыруы керек?,answerable,complex,deadline,tax_law,0.03149801587301587,0.03149801587301587,moderate_lookup,moderate,moderate_lookup,0,10
136,TEST_0220,Жер қойнауын пайдалануға арналған келісімшарт қандай жағдайда мерзімінен бұрын тоқтатылады?,answerable,simple,definition,civil_law,0.032266458495966696,0.032266458495966696,deadline,moderate,deadline_lookup,0,10
137,TEST_0219,Цифрлық майнинг үшін төлемақы қалай есептеледі?,answerable,complex,definition,civil_law,0.03278688524590164,0.03278688524590164,moderate_lookup,moderate,moderate_lookup,0,10
138,TEST_0218,Бейрезидент-заңды тұлғаның тұрақты мекемесінің жылдық жиынтық кірісіне қандай кірістер қосылмайды?,answerable,complex,definition,tax_law,0.03252247488101534,0.03252247488101534,moderate_lookup,moderate,moderate_lookup,0,10
139,TEST_0072,Заңның 77-бабының 3-тармағы қашан қолданысқа енгізіледі?,answerable,complex,deadline,other,0.03055037313432836,0.03055037313432836,moderate_lookup,moderate,moderate_lookup,0,10
140,TEST_0071,Жер қойнауын пайдалануды шектеу немесе тыйым салу қандай жағдайларда мүмкін?,answerable,complex,definition,other,0.03278688524590164,0.03278688524590164,complex_legal,complex,complex_lookup,0,15
141,TEST_0070,Зияткерлік меншік саласындағы уәкілетті мемлекеттік органның тауар белгісін жалпыға бірдей белгілі деп танығаны үшін мемлекеттік баж мөлшерлемесі қанша?,answerable,complex,deadline,other,0.03278688524590164,0.03278688524590164,moderate_lookup,moderate,moderate_lookup,0,10
142,TEST_0069,117-бапқа енгізілген өзгерістер қашан қолданысқа енгізіледі?,answerable,complex,deadline,other,0.032266458495966696,0.032266458495966696,moderate_lookup,moderate,moderate_lookup,0,10
143,TEST_0080,"Стационарлық жұмыс орны қанша уақытқа құрылса, ол стационарлық болып есептеледі?",answerable,complex,deadline,tax_law,0.09365174624130075,0.09365174624130075,deadline,moderate,deadline_lookup,0,10
144,TEST_0079,Қазақстан Республикасынан тұрақты тұрғылықты жерге кету үшін құжаттарды ресімдеу кезінде мемлекеттік баж төлене ме?,answerable,complex,deadline,migration_law,0.03252247488101534,0.03252247488101534,moderate_lookup,moderate,moderate_lookup,0,10
145,TEST_0078,620-бапқа енгізілген өзгеріс қашан қолданысқа енгізіледі?,answerable,complex,deadline,migration_law,0.030621785881252923,0.030621785881252923,moderate_lookup,moderate,moderate_lookup,0,10
146,TEST_0077,Теңіздегі ғылыми зерттеулерді жүргізу үшін қандай талаптар қойылады?,answerable,complex,deadline,migration_law,0.03278688524590164,0.03278688524590164,moderate_lookup,moderate,moderate_lookup,0,10
147,TEST_0076,Мемлекеттік бажды төлеу мерзімі қандай?,answerable,complex,deadline,migration_law,0.03125763125763126,0.03125763125763126,deadline,moderate,deadline_lookup,0,10
148,TEST_0075,Жер қойнауын пайдалануға арналған лицензияны алу үшін өтінішке қандай құжаттар қоса берілуі керек?,answerable,complex,deadline,migration_law,0.03149801587301587,0.03149801587301587,moderate_lookup,moderate,moderate_lookup,0,10
149,TEST_0074,Инвесторлардың сауалдарына мемлекеттік органдар қанша уақыт ішінде жауап береді?,answerable,complex,deadline,migration_law,0.03252247488101534,0.03252247488101534,deadline,moderate,deadline_lookup,0,10
150,TEST_0073,Бейрезидент-заңды тұлғаның қаржылық есептілігінің деректері қалай түзетіледі?,answerable,moderate,deadline,administrative_law,0.032266458495966696,0.032266458495966696,moderate_lookup,moderate,moderate_lookup,0,10
151,TEST_0088,Салықтық кезең ретінде қандай уақыт аралығы белгіленген?,answerable,complex,definition,tax_law,0.031746031746031744,0.031746031746031744,moderate_lookup,moderate,moderate_lookup,0,10
152,TEST_0083,Акциз төлеушілер акциз жөніндегі декларацияны қашан ұсынуға міндетті?,answerable,complex,definition,tax_law,0.03252247488101534,0.03252247488101534,moderate_lookup,moderate,moderate_lookup,0,10
153,TEST_0081,Дара кәсіпкерлер кірістерін салықтық есепке алу кезінде қандай заңға сәйкес әрекет етеді?,answerable,complex,deadline,tax_law,0.03252247488101534,0.03252247488101534,moderate_lookup,moderate,moderate_lookup,0,10
154,TEST_0034,278-бапқа енгізілген өзгерістер 2022 жылы қашан қолданысқа енгізіледі?,answerable,moderate,deadline,other,0.03252247488101534,0.03252247488101534,moderate_lookup,moderate,moderate_lookup,0,10
155,TEST_0194,Жер қойнауын пайдалану құқығының құқық мирасқорлығы тәртібімен ауысуы үшін қандай мерзімде келісімшартқа өзгерістер енгізіледі?,answerable,complex,deadline,civil_law,0.03278688524590164,0.03278688524590164,deadline,moderate,deadline_lookup,0,10
156,TEST_0195,Қандай жерлер салық салуға жатпайды?,answerable,complex,deadline,civil_law,0.03149801587301587,0.03149801587301587,moderate_lookup,moderate,moderate_lookup,0,10
157,TEST_0197,Жер қойнауын пайдаланушы барлау учаскесінен бас тарту үшін қандай құжаттарды ұсынуы керек?,answerable,moderate,definition,civil_law,0.03252247488101534,0.03252247488101534,moderate_lookup,moderate,moderate_lookup,0,10
158,TEST_0200,Тіркелген шегерім пайдаланылатын арнаулы салық режимін қолданатын салық төлеушілер декларацияны қай уақытқа дейін тапсыруы керек?,answerable,moderate,deadline,tax_law,0.03278688524590164,0.03278688524590164,deadline,moderate,deadline_lookup,0,10
159,TEST_0061,Пайдалы қазбаларды реквизициялау қандай жағдайларда жүргізілуі мүмкін?,answerable,complex,deadline,labor_law,0.03278688524590164,0.03278688524590164,complex_legal,complex,complex_lookup,0,15
160,TEST_0232,Қатты ойлы-қырлы жерлерде бағдаршамдардың көріну қашықтығы қандай болуы керек?,answerable,moderate,deadline,civil_law,0.03252247488101534,0.03252247488101534,moderate_lookup,moderate,moderate_lookup,0,10
161,TEST_0059,Салық агенті бірыңғай төлемді аударуды қай күнге дейін жүргізуі керек?,answerable,moderate,deadline,social_law,0.03278688524590164,0.03278688524590164,deadline,moderate,deadline_lookup,0,10
162,TEST_0239,Теңізде мұнайдың төгілуін жою бойынша есеп қашан ұсынылады?,answerable,simple,deadline,civil_law,0.03200204813108039,0.03200204813108039,moderate_lookup,moderate,moderate_lookup,0,10
163,TEST_0225,Теміржол көлігінде қозғалыс қауіпсіздігі бұзушылықтары туралы ақпаратты мемлекеттік көліктік бақылау органына қашан беру керек?,answerable,moderate,deadline,civil_law,0.06264022850420374,0.06264022850420374,moderate_lookup,moderate,moderate_lookup,0,10
164,TEST_0228,Бейрезидент-жеке тұлғаның салық салудан босатылған кірістері қандай жағдайларда салық салуға жатпайды?,answerable,complex,deadline,civil_law,0.03252247488101534,0.03252247488101534,complex_legal,complex,complex_lookup,0,15
165,TEST_0229,Қазақстанда алыс-беріс шикізатын қайта өңдеу жұмыстарының фактісін растау үшін қандай құжаттар қажет?,answerable,complex,definition,civil_law,0.03200204813108039,0.03200204813108039,moderate_lookup,moderate,moderate_lookup,0,10
166,TEST_0231,Қандай жағдайда шетелдік компания қосылған құн салығын төлеуші болып танылады?,answerable,moderate,definition,tax_law,0.03278688524590164,0.03278688524590164,moderate_lookup,moderate,moderate_lookup,0,10
167,TEST_0233,Темір жол жылжымалы құрамын комиссиялық қарап тексеру қаншалықты жиі жүргізіледі?,answerable,moderate,deadline,labor_law,0.032266458495966696,0.032266458495966696,moderate_lookup,moderate,moderate_lookup,0,10
168,TEST_0238,Жою жоспары дегеніміз не?,answerable,complex,definition,civil_law,0.03200204813108039,0.03200204813108039,definition,simple,definition_lookup,0,5
169,TEST_0236,Кірістер мен мүлік туралы декларацияны тапсырудың соңғы мерзімі қандай?,answerable,complex,deadline,tax_law,0.03252247488101534,0.03252247488101534,deadline,moderate,deadline_lookup,0,10
170,TEST_0045,Қазақстан Республикасының шекарасындағы мұнайдың орташа өлшемді экспорттық бағасы қалай анықталады?,answerable,simple,definition,civil_law,0.03278688524590164,0.03278688524590164,moderate_lookup,moderate,moderate_lookup,0,10
171,TEST_0033,16-бапқа енгізілген өзгерістер қашан қолданысқа енгізіледі?,answerable,moderate,deadline,other,0.04348435026184387,0.04348435026184387,moderate_lookup,moderate,moderate_lookup,0,10
172,TEST_0047,Жер қойнауын пайдаланушы келісімшартқа қосымша келісімге қашан қол қоюы керек?,answerable,simple,deadline,civil_law,0.03252247488101534,0.03252247488101534,moderate_lookup,moderate,moderate_lookup,0,10
173,TEST_0001,Қазақстанда инвесторлардың құқықтарын қорғау үшін қандай шаралар қабылданады?,answerable,simple,definition,migration_law,0.03149801587301587,0.03149801587301587,moderate_lookup,moderate,moderate_lookup,0,10
174,TEST_0038,Осы шешім қашан қолданысқа енгізіледі?,answerable,simple,deadline,education_law,0.12044386980531864,0.12044386980531864,moderate_lookup,moderate,moderate_lookup,0,10
175,TEST_0037,610-бапқа енгізілген өзгерістер қашан қолданысқа енгізіледі?,answerable,moderate,deadline,other,0.03252247488101534,0.03252247488101534,moderate_lookup,moderate,moderate_lookup,0,10
176,TEST_0036,Қандай ақаулықтар орын алған жағдайда бағыттамалық бұрмаларды пайдалануға жол берілмейді?,answerable,moderate,deadline,other,0.03278688524590164,0.03278688524590164,moderate_lookup,moderate,moderate_lookup,0,10
177,TEST_0035,Заңға енгізілген өзгерістер ресми жарияланғаннан кейін қанша күннен соң қолданысқа енгізіледі?,answerable,moderate,deadline,other,0.030798389007344232,0.030798389007344232,deadline,moderate,deadline_lookup,0,10
178,TEST_0050,Мұнайдың әлемдік бағасы қалай анықталады?,answerable,simple,deadline,civil_law,0.04630415690866511,0.04630415690866511,moderate_lookup,moderate,moderate_lookup,0,10
179,TEST_0054,Теміржол көлігі қызметкерлерінің денсаулығын тексеру қалай жүзеге асырылады?,answerable,moderate,deadline,health_law,0.02967032967032967,0.030017921146953404,complex_legal,complex,complex_lookup,0,15
180,TEST_0053,Корпоративтік басқару жүйесінің рейтингі қаншалықты жиі қалыптастырылады?,answerable,simple,deadline,civil_law,0.04624678588125292,0.04624678588125292,moderate_lookup,moderate,moderate_lookup,0,10
181,TEST_0046,Жобаны іске асыру кезінде қандай бағалау шаралары жүргізіледі?,answerable,simple,deadline,civil_law,0.030834914611005692,0.030834914611005692,moderate_lookup,moderate,moderate_lookup,0,10
182,TEST_UNANS_0024,Болашақта енгізілетін жаңа көші-қон ережелері қандай?,unanswerable,complex,unanswerable,out_of_corpus,0.046494801754268796,0.046494801754268796,unanswerable_risk,complex,unanswerable_risk,1,15
183,TEST_UNANS_0043,Келесі жылы әлі қабылданбаған заң бойынша айыппұл мөлшері қандай болады?,unanswerable,complex,unanswerable,out_of_corpus,0.031099324975891997,0.031099324975891997,unanswerable_risk,complex,unanswerable_risk,1,15
184,TEST_UNANS_0042,2030 жылы қабылданатын жаңа салық мөлшерлемелері қандай?,unanswerable,complex,unanswerable,out_of_corpus,0.01639344262295082,0.01639344262295082,moderate_lookup,moderate,moderate_lookup,0,10
185,TEST_UNANS_0041,2028 жылы Қазақстан Республикасының жаңа Еңбек кодексінде қандай өзгерістер болады?,unanswerable,complex,unanswerable,out_of_corpus,0.030158730158730156,0.030158730158730156,moderate_lookup,moderate,moderate_lookup,0,10
186,TEST_UNANS_0049,Болашақта енгізілетін жаңа көші-қон ережелері қандай?,unanswerable,complex,unanswerable,out_of_corpus,0.046494801754268796,0.046494801754268796,unanswerable_risk,complex,unanswerable_risk,1,15
187,TEST_UNANS_0023,Келесі жылы әлі қабылданбаған заң бойынша айыппұл мөлшері қандай болады?,unanswerable,complex,unanswerable,out_of_corpus,0.031099324975891997,0.031099324975891997,unanswerable_risk,complex,unanswerable_risk,1,15
188,TEST_UNANS_0022,2030 жылы қабылданатын жаңа салық мөлшерлемелері қандай?,unanswerable,complex,unanswerable,out_of_corpus,0.01639344262295082,0.01639344262295082,moderate_lookup,moderate,moderate_lookup,0,10
189,TEST_UNANS_0021,2028 жылы Қазақстан Республикасының жаңа Еңбек кодексінде қандай өзгерістер болады?,unanswerable,complex,unanswerable,out_of_corpus,0.030158730158730156,0.030158730158730156,moderate_lookup,moderate,moderate_lookup,0,10
190,TEST_UNANS_0020,Әлі күшіне енбеген заң жобасы бойынша азамат қандай құқықтарға ие болады?,unanswerable,complex,unanswerable,out_of_corpus,0.03076923076923077,0.03076923076923077,moderate_lookup,moderate,moderate_lookup,0,10
191,TEST_UNANS_0019,Болашақта енгізілетін жаңа көші-қон ережелері қандай?,unanswerable,complex,unanswerable,out_of_corpus,0.046494801754268796,0.046494801754268796,unanswerable_risk,complex,unanswerable_risk,1,15
192,TEST_UNANS_0018,Келесі жылы әлі қабылданбаған заң бойынша айыппұл мөлшері қандай болады?,unanswerable,complex,unanswerable,out_of_corpus,0.031099324975891997,0.031099324975891997,unanswerable_risk,complex,unanswerable_risk,1,15
193,TEST_UNANS_0017,2030 жылы қабылданатын жаңа салық мөлшерлемелері қандай?,unanswerable,complex,unanswerable,out_of_corpus,0.01639344262295082,0.01639344262295082,moderate_lookup,moderate,moderate_lookup,0,10
194,TEST_UNANS_0032,2030 жылы қабылданатын жаңа салық мөлшерлемелері қандай?,unanswerable,complex,unanswerable,out_of_corpus,0.01639344262295082,0.01639344262295082,moderate_lookup,moderate,moderate_lookup,0,10
195,TEST_UNANS_0031,2028 жылы Қазақстан Республикасының жаңа Еңбек кодексінде қандай өзгерістер болады?,unanswerable,complex,unanswerable,out_of_corpus,0.030158730158730156,0.030158730158730156,moderate_lookup,moderate,moderate_lookup,0,10
196,TEST_UNANS_0030,Әлі күшіне енбеген заң жобасы бойынша азамат қандай құқықтарға ие болады?,unanswerable,complex,unanswerable,out_of_corpus,0.03076923076923077,0.03076923076923077,moderate_lookup,moderate,moderate_lookup,0,10
197,TEST_UNANS_0029,Болашақта енгізілетін жаңа көші-қон ережелері қандай?,unanswerable,complex,unanswerable,out_of_corpus,0.046494801754268796,0.046494801754268796,unanswerable_risk,complex,unanswerable_risk,1,15
198,TEST_UNANS_0028,Келесі жылы әлі қабылданбаған заң бойынша айыппұл мөлшері қандай болады?,unanswerable,complex,unanswerable,out_of_corpus,0.031099324975891997,0.031099324975891997,unanswerable_risk,complex,unanswerable_risk,1,15
199,TEST_UNANS_0027,2030 жылы қабылданатын жаңа салық мөлшерлемелері қандай?,unanswerable,complex,unanswerable,out_of_corpus,0.01639344262295082,0.01639344262295082,moderate_lookup,moderate,moderate_lookup,0,10
200,TEST_UNANS_0026,2028 жылы Қазақстан Республикасының жаңа Еңбек кодексінде қандай өзгерістер болады?,unanswerable,complex,unanswerable,out_of_corpus,0.030158730158730156,0.030158730158730156,moderate_lookup,moderate,moderate_lookup,0,10
201,TEST_UNANS_0025,Әлі күшіне енбеген заң жобасы бойынша азамат қандай құқықтарға ие болады?,unanswerable,complex,unanswerable,out_of_corpus,0.03076923076923077,0.03076923076923077,moderate_lookup,moderate,moderate_lookup,0,10
202,TEST_UNANS_0040,Әлі күшіне енбеген заң жобасы бойынша азамат қандай құқықтарға ие болады?,unanswerable,complex,unanswerable,out_of_corpus,0.03076923076923077,0.03076923076923077,moderate_lookup,moderate,moderate_lookup,0,10
203,TEST_UNANS_0039,Болашақта енгізілетін жаңа көші-қон ережелері қандай?,unanswerable,complex,unanswerable,out_of_corpus,0.046494801754268796,0.046494801754268796,unanswerable_risk,complex,unanswerable_risk,1,15
204,TEST_UNANS_0038,Келесі жылы әлі қабылданбаған заң бойынша айыппұл мөлшері қандай болады?,unanswerable,complex,unanswerable,out_of_corpus,0.031099324975891997,0.031099324975891997,unanswerable_risk,complex,unanswerable_risk,1,15
205,TEST_UNANS_0037,2030 жылы қабылданатын жаңа салық мөлшерлемелері қандай?,unanswerable,complex,unanswerable,out_of_corpus,0.01639344262295082,0.01639344262295082,moderate_lookup,moderate,moderate_lookup,0,10
206,TEST_UNANS_0036,2028 жылы Қазақстан Республикасының жаңа Еңбек кодексінде қандай өзгерістер болады?,unanswerable,complex,unanswerable,out_of_corpus,0.030158730158730156,0.030158730158730156,moderate_lookup,moderate,moderate_lookup,0,10
207,TEST_UNANS_0035,Әлі күшіне енбеген заң жобасы бойынша азамат қандай құқықтарға ие болады?,unanswerable,complex,unanswerable,out_of_corpus,0.03076923076923077,0.03076923076923077,moderate_lookup,moderate,moderate_lookup,0,10
208,TEST_UNANS_0034,Болашақта енгізілетін жаңа көші-қон ережелері қандай?,unanswerable,complex,unanswerable,out_of_corpus,0.046494801754268796,0.046494801754268796,unanswerable_risk,complex,unanswerable_risk,1,15
209,TEST_UNANS_0033,Келесі жылы әлі қабылданбаған заң бойынша айыппұл мөлшері қандай болады?,unanswerable,complex,unanswerable,out_of_corpus,0.031099324975891997,0.031099324975891997,unanswerable_risk,complex,unanswerable_risk,1,15
210,TEST_UNANS_0048,Келесі жылы әлі қабылданбаған заң бойынша айыппұл мөлшері қандай болады?,unanswerable,complex,unanswerable,out_of_corpus,0.031099324975891997,0.031099324975891997,unanswerable_risk,complex,unanswerable_risk,1,15
211,TEST_UNANS_0047,2030 жылы қабылданатын жаңа салық мөлшерлемелері қандай?,unanswerable,complex,unanswerable,out_of_corpus,0.01639344262295082,0.01639344262295082,moderate_lookup,moderate,moderate_lookup,0,10
212,TEST_UNANS_0046,2028 жылы Қазақстан Республикасының жаңа Еңбек кодексінде қандай өзгерістер болады?,unanswerable,complex,unanswerable,out_of_corpus,0.030158730158730156,0.030158730158730156,moderate_lookup,moderate,moderate_lookup,0,10
213,TEST_UNANS_0045,Әлі күшіне енбеген заң жобасы бойынша азамат қандай құқықтарға ие болады?,unanswerable,complex,unanswerable,out_of_corpus,0.03076923076923077,0.03076923076923077,moderate_lookup,moderate,moderate_lookup,0,10
214,TEST_UNANS_0044,Болашақта енгізілетін жаңа көші-қон ережелері қандай?,unanswerable,complex,unanswerable,out_of_corpus,0.046494801754268796,0.046494801754268796,unanswerable_risk,complex,unanswerable_risk,1,15
215,TEST_UNANS_0003,Келесі жылы әлі қабылданбаған заң бойынша айыппұл мөлшері қандай болады?,unanswerable,complex,unanswerable,out_of_corpus,0.031099324975891997,0.031099324975891997,unanswerable_risk,complex,unanswerable_risk,1,15
216,TEST_UNANS_0001,2028 жылы Қазақстан Республикасының жаңа Еңбек кодексінде қандай өзгерістер болады?,unanswerable,complex,unanswerable,out_of_corpus,0.030158730158730156,0.030158730158730156,moderate_lookup,moderate,moderate_lookup,0,10
217,TEST_UNANS_0002,2030 жылы қабылданатын жаңа салық мөлшерлемелері қандай?,unanswerable,complex,unanswerable,out_of_corpus,0.01639344262295082,0.01639344262295082,moderate_lookup,moderate,moderate_lookup,0,10
218,TEST_UNANS_0007,2030 жылы қабылданатын жаңа салық мөлшерлемелері қандай?,unanswerable,complex,unanswerable,out_of_corpus,0.01639344262295082,0.01639344262295082,moderate_lookup,moderate,moderate_lookup,0,10
219,TEST_UNANS_0006,2028 жылы Қазақстан Республикасының жаңа Еңбек кодексінде қандай өзгерістер болады?,unanswerable,complex,unanswerable,out_of_corpus,0.030158730158730156,0.030158730158730156,moderate_lookup,moderate,moderate_lookup,0,10
220,TEST_UNANS_0005,Әлі күшіне енбеген заң жобасы бойынша азамат қандай құқықтарға ие болады?,unanswerable,complex,unanswerable,out_of_corpus,0.03076923076923077,0.03076923076923077,moderate_lookup,moderate,moderate_lookup,0,10
221,TEST_UNANS_0004,Болашақта енгізілетін жаңа көші-қон ережелері қандай?,unanswerable,complex,unanswerable,out_of_corpus,0.046494801754268796,0.046494801754268796,unanswerable_risk,complex,unanswerable_risk,1,15
222,TEST_UNANS_0008,Келесі жылы әлі қабылданбаған заң бойынша айыппұл мөлшері қандай болады?,unanswerable,complex,unanswerable,out_of_corpus,0.031099324975891997,0.031099324975891997,unanswerable_risk,complex,unanswerable_risk,1,15
223,TEST_UNANS_0009,Болашақта енгізілетін жаңа көші-қон ережелері қандай?,unanswerable,complex,unanswerable,out_of_corpus,0.046494801754268796,0.046494801754268796,unanswerable_risk,complex,unanswerable_risk,1,15
224,TEST_UNANS_0010,Әлі күшіне енбеген заң жобасы бойынша азамат қандай құқықтарға ие болады?,unanswerable,complex,unanswerable,out_of_corpus,0.03076923076923077,0.03076923076923077,moderate_lookup,moderate,moderate_lookup,0,10
225,TEST_UNANS_0011,2028 жылы Қазақстан Республикасының жаңа Еңбек кодексінде қандай өзгерістер болады?,unanswerable,complex,unanswerable,out_of_corpus,0.030158730158730156,0.030158730158730156,moderate_lookup,moderate,moderate_lookup,0,10
226,TEST_UNANS_0012,2030 жылы қабылданатын жаңа салық мөлшерлемелері қандай?,unanswerable,complex,unanswerable,out_of_corpus,0.01639344262295082,0.01639344262295082,moderate_lookup,moderate,moderate_lookup,0,10
227,TEST_UNANS_0013,Келесі жылы әлі қабылданбаған заң бойынша айыппұл мөлшері қандай болады?,unanswerable,complex,unanswerable,out_of_corpus,0.031099324975891997,0.031099324975891997,unanswerable_risk,complex,unanswerable_risk,1,15
228,TEST_UNANS_0014,Болашақта енгізілетін жаңа көші-қон ережелері қандай?,unanswerable,complex,unanswerable,out_of_corpus,0.046494801754268796,0.046494801754268796,unanswerable_risk,complex,unanswerable_risk,1,15
229,TEST_UNANS_0015,Әлі күшіне енбеген заң жобасы бойынша азамат қандай құқықтарға ие болады?,unanswerable,complex,unanswerable,out_of_corpus,0.03076923076923077,0.03076923076923077,moderate_lookup,moderate,moderate_lookup,0,10
230,TEST_UNANS_0016,2028 жылы Қазақстан Республикасының жаңа Еңбек кодексінде қандай өзгерістер болады?,unanswerable,complex,unanswerable,out_of_corpus,0.030158730158730156,0.030158730158730156,moderate_lookup,moderate,moderate_lookup,0,10
231,TEST_UNANS_0050,Әлі күшіне енбеген заң жобасы бойынша азамат қандай құқықтарға ие болады?,unanswerable,complex,unanswerable,out_of_corpus,0.03076923076923077,0.03076923076923077,moderate_lookup,moderate,moderate_lookup,0,10
232,TEST_UNANS_0052,2030 жылы қабылданатын жаңа салық мөлшерлемелері қандай?,unanswerable,complex,unanswerable,out_of_corpus,0.01639344262295082,0.01639344262295082,moderate_lookup,moderate,moderate_lookup,0,10
233,TEST_UNANS_0051,2028 жылы Қазақстан Республикасының жаңа Еңбек кодексінде қандай өзгерістер болады?,unanswerable,complex,unanswerable,out_of_corpus,0.030158730158730156,0.030158730158730156,moderate_lookup,moderate,moderate_lookup,0,10
234,TEST_UNANS_0053,Келесі жылы әлі қабылданбаған заң бойынша айыппұл мөлшері қандай болады?,unanswerable,complex,unanswerable,out_of_corpus,0.031099324975891997,0.031099324975891997,unanswerable_risk,complex,unanswerable_risk,1,15
235,TEST_UNANS_0054,Болашақта енгізілетін жаңа көші-қон ережелері қандай?,unanswerable,complex,unanswerable,out_of_corpus,0.046494801754268796,0.046494801754268796,unanswerable_risk,complex,unanswerable_risk,1,15
236,TEST_UNANS_0056,2028 жылы Қазақстан Республикасының жаңа Еңбек кодексінде қандай өзгерістер болады?,unanswerable,complex,unanswerable,out_of_corpus,0.030158730158730156,0.030158730158730156,moderate_lookup,moderate,moderate_lookup,0,10
237,TEST_UNANS_0055,Әлі күшіне енбеген заң жобасы бойынша азамат қандай құқықтарға ие болады?,unanswerable,complex,unanswerable,out_of_corpus,0.03076923076923077,0.03076923076923077,moderate_lookup,moderate,moderate_lookup,0,10
238,TEST_UNANS_0057,2030 жылы қабылданатын жаңа салық мөлшерлемелері қандай?,unanswerable,complex,unanswerable,out_of_corpus,0.01639344262295082,0.01639344262295082,moderate_lookup,moderate,moderate_lookup,0,10
239,TEST_UNANS_0058,Келесі жылы әлі қабылданбаған заң бойынша айыппұл мөлшері қандай болады?,unanswerable,complex,unanswerable,out_of_corpus,0.031099324975891997,0.031099324975891997,unanswerable_risk,complex,unanswerable_risk,1,15
240,TEST_UNANS_0059,Болашақта енгізілетін жаңа көші-қон ережелері қандай?,unanswerable,complex,unanswerable,out_of_corpus,0.046494801754268796,0.046494801754268796,unanswerable_risk,complex,unanswerable_risk,1,15
241,TEST_UNANS_0060,Әлі күшіне енбеген заң жобасы бойынша азамат қандай құқықтарға ие болады?,unanswerable,complex,unanswerable,out_of_corpus,0.03076923076923077,0.03076923076923077,moderate_lookup,moderate,moderate_lookup,0,10
